Pen Pressure,Line Spacing,Slant Angle,Baseline angle,Link,lable,l1,l2,l3,l4,l5,l6,l7,l8
28.944341865843285,1106.9599999999998,5,0.0,/content/drive/MyDrive/data/Normal/dysgraphia_467_no.jpg,no,-1.1111336,2.8155582,-1.9630396,-0.45397583,-0.7145964,5.369467,-1.0709789,-1.7886263
43.559691402883686,617,5,0.0,/content/drive/MyDrive/data/Normal/dysgraphia_990_no.jpg,no,-1.0826473,3.2696345,-1.9017583,-0.50887966,-0.6872584,5.0523295,-1.0580531,-1.6362008
87.79033408846794,2186.5,5,1363.664609486019,/content/drive/MyDrive/data/Normal/dysgraphia_1358_no.jpg,no,-1.1835979,2.3490732,-2.0867476,-0.38251624,-0.69526434,6.111055,-1.1611525,-2.1425443
86.56179381662997,602,-5,0.0,/content/drive/MyDrive/data/Normal/dysgraphia_858_no.jpg,no,-1.0977091,3.170597,-1.8995644,-0.5209036,-0.7036201,5.0842,-1.0511137,-1.6543919
61.94258709285759,701.3520408163266,-5,0.0,/content/drive/MyDrive/data/Normal/dysgraphia_754_no.jpg,no,-1.26935,2.046691,-2.1220498,-0.38124183,-0.7511049,6.334366,-1.1429939,-2.2808437
224.87817611937135,868.0899999999999,5,0.0,/content/drive/MyDrive/data/Normal/dysgraphia_821_no.jpg,no,-1.5371273,1.4247328,-2.1708834,-0.31973156,-0.8387373,6.9818406,-1.2516693,-2.689826
78.54973783611484,44.0,5,0.0,/content/drive/MyDrive/data/Normal/dysgraphia_850_no.jpg,no,-1.0609529,3.2951124,-1.8799062,-0.45336345,-0.6200706,5.13865,-1.0332408,-1.6358869
100.19467853953938,1062.8888888888891,5,0.0,/content/drive/MyDrive/data/Normal/dysgraphia_1356_no.jpg,no,-1.2905608,2.2134774,-2.1029892,-0.4213968,-0.7348564,6.443865,-1.1438547,-2.217623
95.57433849954737,2277.984375,5,0.0,/content/drive/MyDrive/data/Normal/dysgraphia_803_no.jpg,no,-1.2698363,2.0114586,-2.0921206,-0.37737185,-0.73122305,6.428095,-1.137147,-2.2551649
228.53628206317308,4309.24,-5,0.0,/content/drive/MyDrive/data/Normal/dysgraphia_1337_no.jpg,no,-1.2629895,2.6553066,-2.2262306,-0.3283141,-0.6410252,6.7015686,-1.177941,-2.302605
51.499878073954335,357.55555555555554,-5,0.0,/content/drive/MyDrive/data/Normal/dysgraphia_1029_no.jpg,no,-1.0668546,3.5818093,-1.8342534,-0.5261601,-0.6259347,4.846181,-1.0026432,-1.5387642
47.84154116839471,3177.222222222222,-5,0.0,/content/drive/MyDrive/data/Normal/dysgraphia_859_no.jpg,no,-1.2053996,2.4542525,-2.0356324,-0.39138904,-0.69371504,6.038689,-1.116634,-2.033483
28.1068141713763,898,-5,0.0,/content/drive/MyDrive/data/Normal/dysgraphia_844_no.jpg,no,-1.1405451,4.4093747,-1.7589341,-0.56597674,-0.56884605,4.437057,-0.8008301,-1.327806
67.98352114737366,897,-5,0.0,/content/drive/MyDrive/data/Normal/dysgraphia_927_no.jpg,no,-1.170325,4.9921246,-1.3806323,-0.6977137,-0.65637577,2.8140569,-0.65423685,-0.8002681
47.52688315924388,72.0,-5,0.0,/content/drive/MyDrive/data/Normal/dysgraphia_984_no.jpg,no,-1.0543681,3.975677,-1.8298354,-0.51743525,-0.5470014,4.726876,-0.9158354,-1.480657
179.2984582169413,4522.96,5,0.0,/content/drive/MyDrive/data/Normal/dysgraphia_1014_no.jpg,no,-1.1642195,2.7247665,-2.0402725,-0.4182775,-0.650915,5.939531,-1.1509157,-2.0193586
136.87457313791606,44042.25,-5,0.0,/content/drive/MyDrive/data/Normal/dysgraphia_398_no.jpg,no,-1.1992925,2.6932619,-2.1096003,-0.4968321,-0.79046816,5.7336283,-1.1674001,-2.0204935
47.240107383013196,545.0,5,0.0,/content/drive/MyDrive/data/Normal/dysgraphia_409_no.jpg,no,-1.1799388,2.57989,-2.049284,-0.4378047,-0.73386806,5.7960634,-1.1065376,-1.9905119
75.99107766879365,300.6,-5,0.0,/content/drive/MyDrive/data/Normal/dysgraphia_563_no.jpg,no,-1.1187632,2.8213964,-1.996605,-0.41258147,-0.6573009,5.6452575,-1.0799689,-1.8819146
60.581645809321856,4057.4399999999996,5,0.0,/content/drive/MyDrive/data/Normal/dysgraphia_575_no.jpg,no,-1.1444048,4.0123477,-1.6980026,-0.64420277,-0.6515124,4.2995415,-0.8508118,-1.3275173
87.16436651250592,326.66666666666663,5,0.0,/content/drive/MyDrive/data/Normal/dysgraphia_613_no.jpg,no,-1.2606568,4.517636,-1.9820019,-0.6108865,-0.4924787,5.5641084,-1.0482379,-1.6881783
63.89660516085962,1018.6326530612245,5,0.0,/content/drive/MyDrive/data/Normal/dysgraphia_615_no.jpg,no,-1.1580064,3.4103897,-1.9359822,-0.5831052,-0.73658454,5.0744696,-1.0318776,-1.6425209
49.36278394703231,363.22222222222223,-5,0.0,/content/drive/MyDrive/data/Normal/dysgraphia_621_no.jpg,no,-1.2202194,2.845483,-2.0405605,-0.4714481,-0.69267046,5.9732676,-1.1082385,-1.9731541
62.863942573197505,8386.0,5,0.0,/content/drive/MyDrive/data/Normal/dysgraphia_622_no.jpg,no,-1.6984208,1.4912488,-2.3280787,-0.2734532,-0.89868504,7.42719,-1.3776679,-2.9821935
33.415812961644406,1302.1020408163265,5,0.0,/content/drive/MyDrive/data/Normal/dysgraphia_627_no.jpg,no,-1.3054236,2.3372345,-2.1464114,-0.45969132,-0.8042993,6.317366,-1.1461191,-2.1789317
56.53505545060966,391.0246913580247,-5,0.0,/content/drive/MyDrive/data/Normal/dysgraphia_633_no.jpg,no,-1.2260238,2.4919128,-2.0674036,-0.43574026,-0.741198,5.9711523,-1.1029112,-2.0310338
44.1409772829262,2348.4,5,0.0,/content/drive/MyDrive/data/Normal/dysgraphia_711_no.jpg,no,-1.3755267,2.1577919,-2.1861637,-0.47710317,-0.80964583,6.654398,-1.1879796,-2.328269
93.45463362327757,551.6875,5,0.0,/content/drive/MyDrive/data/Normal/dysgraphia_741_no.jpg,no,-1.1038793,3.25974,-1.8820585,-0.49964777,-0.68044305,5.0660806,-0.9939688,-1.6051875
83.61499923796919,210.49,-5,0.0,/content/drive/MyDrive/data/Normal/dysgraphia_1516_no.jpg,no,-1.1039829,3.1931658,-1.9191579,-0.47400394,-0.68312854,5.197538,-1.0302916,-1.6623427
156.22841125111358,623.4722222222222,5,0.0,/content/drive/MyDrive/data/Normal/dysgraphia_1518_no.jpg,no,-1.2130699,2.4499662,-2.0690384,-0.4344287,-0.7375924,5.990937,-1.1205552,-2.0525904
42.87055964852152,216.58333333333334,5,0.0,/content/drive/MyDrive/data/Normal/dysgraphia_374_no.jpg,no,-1.2248174,2.2549534,-2.0872762,-0.39615598,-0.7396322,6.1640134,-1.12926,-2.1381795
53.200191023580146,179.47222222222223,-5,0.0,/content/drive/MyDrive/data/Normal/dysgraphia_375_no.jpg,no,-1.4568028,1.8412671,-2.216857,-0.2976316,-0.77519697,6.98419,-1.227614,-2.6105137
58.742851218603164,161.89000000000001,-5,0.0,/content/drive/MyDrive/data/Normal/dysgraphia_376_no.jpg,no,-1.2556976,2.1333504,-2.122974,-0.40823153,-0.751859,6.2581487,-1.1444211,-2.2252343
59.86426266209412,433.984375,-5,84.96182664137814,/content/drive/MyDrive/data/Normal/dysgraphia_423_no.jpg,no,-1.1652412,2.705688,-2.0120864,-0.45754796,-0.7270329,5.6702194,-1.0791197,-1.8985932
27.774210377352233,32.0,5,0.0,/content/drive/MyDrive/data/Normal/dysgraphia_463_no.jpg,no,-1.3809805,2.0184574,-2.1529446,-0.42348227,-0.7735875,6.772987,-1.1798363,-2.3598952
134.70641302469198,2079.6875,-5,0.0,/content/drive/MyDrive/data/Normal/dysgraphia_476_no.jpg,no,-1.1395677,3.203586,-1.9448377,-0.5326572,-0.7190965,5.302954,-1.0635478,-1.6995999
63.05749057959042,277.8571428571429,5,0.0,/content/drive/MyDrive/data/Normal/dysgraphia_489_no.jpg,no,-1.2111052,2.468277,-2.0497532,-0.43650052,-0.73843396,5.9937077,-1.1119139,-2.0400288
59.745664842011706,45.0,5,0.0,/content/drive/MyDrive/data/Normal/dysgraphia_503_no.jpg,no,-1.4834411,2.3699706,-2.3362436,-0.58829665,-0.9193015,6.9389033,-1.3017696,-2.4685016
34.83181355525085,996.24,-5,0.0,/content/drive/MyDrive/data/Normal/dysgraphia_539_no.jpg,no,-1.7051512,1.8924532,-2.453434,-0.21846408,-0.84350675,7.7715282,-1.4860057,-3.1357105
34.89089781984478,1746.5,-5,0.0,/content/drive/MyDrive/data/Normal/dysgraphia_549_no.jpg,no,-1.6038445,1.3448381,-2.181089,-0.2908642,-0.85109717,7.214018,-1.2738394,-2.7860267
71.87669004718771,391.8,5,0.0,/content/drive/MyDrive/data/Normal/dysgraphia_552_no.jpg,no,-1.132678,3.2507498,-1.9276398,-0.5572484,-0.7485002,5.090025,-1.0533683,-1.6289887
37.68641593392613,268.55555555555554,-5,0.0,/content/drive/MyDrive/data/Normal/dysgraphia_553_no.jpg,no,-1.5099473,1.6262043,-2.2229223,-0.31900468,-0.8178433,7.065378,-1.2701929,-2.7147243
25.410772739776235,142.69,-5,0.0,/content/drive/MyDrive/data/Normal/dysgraphia_562_no.jpg,no,-1.1559298,2.921686,-2.0176568,-0.4761012,-0.7132466,5.590129,-1.1153712,-1.8597074
57.742442373827544,395.2448979591837,5,0.0,/content/drive/MyDrive/data/Normal/dysgraphia_582_no.jpg,no,-1.0524788,3.895797,-1.8615127,-0.53541356,-0.5810357,4.782815,-1.0123217,-1.5401227
45.69984011831218,465.0987654320988,5,0.0,/content/drive/MyDrive/data/Normal/dysgraphia_601_no.jpg,no,-1.298766,2.1522315,-2.150118,-0.40135232,-0.7476986,6.4861364,-1.1492774,-2.2673843
109.66858838731969,396.75,-5,0.0,/content/drive/MyDrive/data/Normal/dysgraphia_743_no.jpg,no,-1.2815435,2.1466424,-2.1382275,-0.42480707,-0.78157234,6.296329,-1.1465896,-2.2191095
125.99334800709539,1102.4897959183672,5,0.0,/content/drive/MyDrive/data/Normal/dysgraphia_1116_no.jpg,no,-1.4967502,1.6941026,-2.1912746,-0.31897452,-0.8026291,6.938572,-1.2388577,-2.6209846
159.9492673068023,165.25,5,0.0,/content/drive/MyDrive/data/Normal/dysgraphia_1117_no.jpg,no,-1.7876722,1.3007342,-2.314781,-0.3131169,-0.92220736,7.7399874,-1.3910294,-3.0565317
259.02505515070357,346,-5,0.0,/content/drive/MyDrive/data/Normal/dysgraphia_1118_no.jpg,no,-1.1929905,2.718353,-2.0812576,-0.3969264,-0.67795503,6.048033,-1.1219866,-2.0329006
147.41484779563348,369.64,5,0.0,/content/drive/MyDrive/data/Normal/dysgraphia_1119_no.jpg,no,-1.5719675,1.9697915,-2.2922986,-0.39404562,-0.77529067,7.560454,-1.2826279,-2.7037044
160.11243188626167,404.33333333333337,-5,11.337842325717299,/content/drive/MyDrive/data/Normal/dysgraphia_1120_no.jpg,no,-1.171784,2.8067884,-2.0573106,-0.4509804,-0.7097324,5.774526,-1.1354827,-1.9490166
275.8057483105488,617.5,5,0.0,/content/drive/MyDrive/data/Normal/dysgraphia_1122_no.jpg,no,-1.3089799,2.3348475,-2.1093185,-0.3877377,-0.6584827,6.6968565,-1.1544533,-2.2823346
187.06641598518922,251.54545454545456,5,0.0,/content/drive/MyDrive/data/Normal/dysgraphia_1124_no.jpg,no,-1.2550977,2.0992322,-2.141991,-0.35998762,-0.7373109,6.406193,-1.1419798,-2.2455964
200.0214059024472,275.4375,-5,0.0,/content/drive/MyDrive/data/Normal/dysgraphia_1125_no.jpg,no,-1.1887726,2.5763395,-2.0770907,-0.44699964,-0.7548514,5.8003144,-1.1226357,-2.001045
102.23157954742078,322.81,5,0.0,/content/drive/MyDrive/data/Normal/dysgraphia_1126_no.jpg,no,-1.0673187,3.1554995,-1.928688,-0.4800967,-0.69783735,5.0780373,-1.0661347,-1.6604034
182.95244078262112,355.6875,5,43.827845627416536,/content/drive/MyDrive/data/Normal/dysgraphia_1127_no.jpg,no,-1.3171818,2.2314172,-2.157874,-0.43949544,-0.7670372,6.5135746,-1.1439471,-2.2541893
316.91383047832505,267.0,-5,31.978644469058054,/content/drive/MyDrive/data/Normal/dysgraphia_1128_no.jpg,no,-1.261952,2.4588928,-2.1312346,-0.4198032,-0.72014725,6.3239036,-1.130347,-2.153933
170.464280253801,321.3333333333333,-5,0.0,/content/drive/MyDrive/data/Normal/dysgraphia_1135_no.jpg,no,-1.20944,2.3219779,-2.0788312,-0.40572232,-0.7423068,6.065399,-1.1301842,-2.101274
315.55088438524444,602.5555555555557,-5,0.0,/content/drive/MyDrive/data/Normal/dysgraphia_1136_no.jpg,no,-1.241512,2.8487954,-2.0812066,-0.47285837,-0.670178,6.1211,-1.147596,-2.072856
136.888374887174,413.44,5,0.0,/content/drive/MyDrive/data/Normal/dysgraphia_1140_no.jpg,no,-1.613978,1.8865762,-2.4377294,-0.50007176,-0.9145847,7.4869037,-1.421736,-2.8652444
91.00242537256895,417.6875,-5,0.0,/content/drive/MyDrive/data/Normal/dysgraphia_1141_no.jpg,no,-1.2682334,2.3557105,-2.1491601,-0.45428765,-0.80443394,6.1093946,-1.168112,-2.1576312
121.87779261910009,244.5,5,0.0,/content/drive/MyDrive/data/Normal/dysgraphia_1142_no.jpg,no,-1.3519616,1.9089959,-2.161491,-0.41310343,-0.8098499,6.5494094,-1.1755466,-2.366744
49.12034809308216,520.1404958677685,5,0.0,/content/drive/MyDrive/data/Normal/dysgraphia_1143_no.jpg,no,-1.0522866,3.7206812,-1.7282361,-0.59161216,-0.6609281,4.2169476,-0.90125376,-1.3689718
332.92666200884787,213.64,-5,0.0,/content/drive/MyDrive/data/Normal/dysgraphia_1144_no.jpg,no,-1.4353073,2.457279,-2.1545339,-0.45300925,-0.6819849,7.179815,-1.1711193,-2.3875408
191.92629326376232,471.5,5,0.0,/content/drive/MyDrive/data/Normal/dysgraphia_1145_no.jpg,no,-1.1878076,3.1468318,-2.0199015,-0.501312,-0.6975208,5.665617,-1.1041889,-1.8489791
42.08217020466407,205.87654320987653,5,0.0,/content/drive/MyDrive/data/Normal/dysgraphia_1146_no.jpg,no,-1.6551582,1.626688,-2.2264977,-0.3367742,-0.8316943,7.549863,-1.2773182,-2.8175426
111.78436791397439,191.9375,-5,0.0,/content/drive/MyDrive/data/Normal/dysgraphia_1147_no.jpg,no,-1.3971568,2.0028975,-2.1843495,-0.33917338,-0.75343233,6.907237,-1.1792324,-2.4454987
156.33048955696427,247.20408163265307,-5,0.0,/content/drive/MyDrive/data/Normal/dysgraphia_1148_no.jpg,no,-1.2268015,2.9453871,-2.0721004,-0.4436505,-0.6374005,6.156914,-1.1644378,-2.0763304
190.9473750681882,344.609375,-5,0.0,/content/drive/MyDrive/data/Normal/dysgraphia_1149_no.jpg,no,-1.1579247,2.857995,-2.0107913,-0.47428438,-0.71666396,5.5470285,-1.0874676,-1.8468767
259.86397249434003,324.0,-5,0.0,/content/drive/MyDrive/data/Normal/dysgraphia_1150_no.jpg,no,-1.2110252,3.5759017,-2.0056295,-0.52459586,-0.619984,5.705953,-1.130147,-1.8232435
263.34695365421067,443.04,-5,0.0,/content/drive/MyDrive/data/Normal/dysgraphia_1157_no.jpg,no,-1.132192,3.1493826,-1.9498312,-0.44703692,-0.63528866,5.5448546,-1.0743545,-1.7827082
221.17966205375956,169.0,5,0.0,/content/drive/MyDrive/data/Normal/dysgraphia_1158_no.jpg,no,-1.0721996,3.9648077,-1.6195382,-0.643784,-0.6690429,3.8245287,-0.8282705,-1.2186283
195.1929752835465,353.58024691358025,-5,0.0,/content/drive/MyDrive/data/Normal/dysgraphia_1161_no.jpg,no,-1.1341141,2.965191,-1.9661361,-0.45579472,-0.6758866,5.5614758,-1.0805583,-1.8101708
91.83141323022642,191.09876543209876,-5,2.6740221986409693,/content/drive/MyDrive/data/Normal/dysgraphia_1162_no.jpg,no,-1.3440902,1.9224755,-2.1073155,-0.3312813,-0.7234239,6.68162,-1.1381278,-2.3646095
316.2044698047612,382.359375,5,0.0,/content/drive/MyDrive/data/Normal/dysgraphia_1164_no.jpg,no,-1.2793542,2.1219954,-2.1381934,-0.40354404,-0.7511882,6.395708,-1.1439888,-2.2525117
246.18047312676208,297.55555555555554,5,24.487310783894138,/content/drive/MyDrive/data/Normal/dysgraphia_1165_no.jpg,no,-1.2657261,2.575319,-2.0910468,-0.40577215,-0.6684288,6.4336786,-1.1165314,-2.1434612
214.60464946075263,375.4,-5,0.0,/content/drive/MyDrive/data/Normal/dysgraphia_1167_no.jpg,no,-1.0916418,3.317091,-1.941263,-0.48745617,-0.64624393,5.2400346,-1.077561,-1.7198116
144.7971054832808,263.1388888888889,5,0.0,/content/drive/MyDrive/data/Normal/dysgraphia_1168_no.jpg,no,-1.2686424,2.1650093,-2.0945103,-0.3792684,-0.71813965,6.385906,-1.1216366,-2.1953616
98.18029601323724,378.56,-5,0.0,/content/drive/MyDrive/data/Normal/dysgraphia_1216_no.jpg,no,-1.059377,3.5355453,-1.7761078,-0.55303985,-0.67088044,4.5208073,-0.94439095,-1.4340274
249.04363051917744,286.9166666666667,5,0.0,/content/drive/MyDrive/data/Normal/dysgraphia_1217_no.jpg,no,-1.0493921,3.6528852,-1.7876359,-0.5702572,-0.6831042,4.388343,-0.9624001,-1.4189115
191.20047275899424,381.4437869822485,5,176.42547203756203,/content/drive/MyDrive/data/Normal/dysgraphia_1223_no.jpg,no,-1.2901647,2.456704,-2.1253011,-0.45465368,-0.7541094,6.2952795,-1.1637588,-2.173756
162.22774685493982,291.67455621301775,-5,0.0,/content/drive/MyDrive/data/Normal/dysgraphia_1226_no.jpg,no,-1.5785828,1.3676853,-2.2092967,-0.3004565,-0.862536,7.115793,-1.2967504,-2.7680047
54.137077004607704,355.93771626297575,-5,0.0,/content/drive/MyDrive/data/Normal/dysgraphia_1244_no.jpg,no,-1.046652,3.4444654,-1.8240242,-0.54864246,-0.7046208,4.5228825,-0.98028433,-1.4757102
108.66797164713512,363.75,-5,0.0,/content/drive/MyDrive/data/Normal/dysgraphia_1250_no.jpg,no,-1.1611016,2.797776,-2.0356476,-0.4264144,-0.6937295,5.7179446,-1.1086148,-1.9238735
67.85796954653267,179.88888888888889,5,0.0,/content/drive/MyDrive/data/Normal/dysgraphia_1251_no.jpg,no,-1.1756988,2.5279105,-2.0343459,-0.41597643,-0.7114037,5.8257976,-1.1112783,-1.9989585
124.54988347908875,180.5,5,0.0,/content/drive/MyDrive/data/Normal/dysgraphia_1252_no.jpg,no,-1.1284078,2.7821376,-1.9975824,-0.4160599,-0.68164146,5.5816813,-1.0925283,-1.8797742
257.9902859781066,318.484375,5,0.0,/content/drive/MyDrive/data/Normal/dysgraphia_1254_no.jpg,no,-1.2141116,2.707437,-2.0725968,-0.48838222,-0.74786305,5.8901443,-1.1268256,-1.9952769
133.0828721099233,397.7654320987654,5,0.0,/content/drive/MyDrive/data/Normal/dysgraphia_1256_no.jpg,no,-1.1572744,2.6162374,-2.0502744,-0.41029117,-0.6956725,5.812048,-1.1258801,-1.9993416
136.1074216759207,348.55555555555554,-5,0.0,/content/drive/MyDrive/data/Normal/dysgraphia_1259_no.jpg,no,-1.1289107,2.8880837,-1.9560674,-0.47096476,-0.7104469,5.43209,-1.06915,-1.7708992
267.66289922755914,342.75,5,0.0,/content/drive/MyDrive/data/Normal/dysgraphia_1260_no.jpg,no,-1.0425056,3.9731693,-1.6622437,-0.65234864,-0.6874135,3.7078652,-0.87721187,-1.2395134
372.1324765090194,288.44,-5,57.27926675597031,/content/drive/MyDrive/data/Normal/dysgraphia_1262_no.jpg,no,-1.1014776,3.1616595,-1.9216996,-0.51139,-0.7159895,5.0779405,-1.0527427,-1.655774
400.0855722081642,353,-5,37.12651008431402,/content/drive/MyDrive/data/Normal/dysgraphia_1263_no.jpg,no,-1.1167531,4.2035065,-1.5833048,-0.70795816,-0.7124529,3.488719,-0.8071218,-1.1484296
296.8389518419617,243.484375,5,16.524640273223667,/content/drive/MyDrive/data/Normal/dysgraphia_1264_no.jpg,no,-1.0534387,3.3957794,-1.8245438,-0.51701903,-0.66340435,4.720621,-0.96238834,-1.5088562
217.3065228088583,379.6875,5,0.0,/content/drive/MyDrive/data/Normal/dysgraphia_1267_no.jpg,no,-1.0665718,4.7271442,-1.4994413,-0.654217,-0.6101184,3.152114,-0.7276553,-0.9469737
66.77569752992702,613.603305785124,5,0.0,/content/drive/MyDrive/data/Normal/dysgraphia_1514_no.jpg,no,-1.0988526,3.156585,-1.870198,-0.4706777,-0.65053785,5.212359,-1.0056865,-1.6337297
143.1406763795287,307.7755102040816,-5,0.0,/content/drive/MyDrive/data/Normal/dysgraphia_1521_no.jpg,no,-1.2369399,2.3108742,-2.108775,-0.4093978,-0.74420094,6.186299,-1.1574135,-2.165711
183.5130967803923,294.55555555555554,-5,0.0,/content/drive/MyDrive/data/Normal/dysgraphia_1523_no.jpg,no,-1.2134254,3.1099632,-2.2363691,-0.536815,-0.74437433,5.9719143,-1.2816925,-2.1557388
108.75403729317873,352.8,5,0.0,/content/drive/MyDrive/data/Normal/dysgraphia_1524_no.jpg,no,-1.0953745,3.2361417,-1.9184037,-0.46806094,-0.65775913,5.236905,-1.0201347,-1.6603427
93.9234610687879,432.83024691358025,5,0.0,/content/drive/MyDrive/data/Normal/dysgraphia_1549_no.jpg,no,-1.2897489,2.1636424,-2.1344397,-0.41145346,-0.7554712,6.428855,-1.1382732,-2.225938
152.2958524302394,219.6734693877551,5,0.0,/content/drive/MyDrive/data/Normal/dysgraphia_1550_no.jpg,no,-1.1271679,2.9044254,-1.9513735,-0.44146392,-0.68185437,5.4792576,-1.0600779,-1.7847042
108.77370190763008,276.61728395061726,5,0.0,/content/drive/MyDrive/data/Normal/dysgraphia_1553_no.jpg,no,-1.2243837,2.7983727,-2.0847101,-0.5230045,-0.7915981,5.7710667,-1.1694293,-1.9876591
203.78679654240887,211.44,5,0.0,/content/drive/MyDrive/data/Normal/dysgraphia_1556_no.jpg,no,-1.0829475,4.075009,-1.6395824,-0.66330683,-0.65065885,3.8396988,-0.8287138,-1.2480818
65.31699955905651,2382.76,5,0.0,/content/drive/MyDrive/data/Normal/dysgraphia_1558_no.jpg,no,-1.1452289,2.9612858,-2.0652456,-0.49083865,-0.75366896,5.4240046,-1.140517,-1.8727974
177.3074597577372,264.68595041322317,5,0.0,/content/drive/MyDrive/data/Normal/dysgraphia_1605_no.jpg,no,-1.1767863,2.6950066,-2.0764046,-0.42505553,-0.72041446,5.7911897,-1.1336037,-1.9998219
332.48964119077027,375.9795918367347,-5,0.0,/content/drive/MyDrive/data/Normal/dysgraphia_1607_no.jpg,no,-1.0769526,3.5982442,-1.8479506,-0.56781346,-0.70076764,4.6004333,-0.97186965,-1.4882473
70.84739583698251,1162.234375,5,0.0,/content/drive/MyDrive/data/Normal/dysgraphia_1608_no.jpg,no,-1.277426,2.373553,-2.1511707,-0.49308875,-0.79574907,6.217486,-1.1710206,-2.170617
174.94295206001425,274.55555555555554,5,0.0,/content/drive/MyDrive/data/Normal/dysgraphia_1609_no.jpg,no,-1.0900644,3.7585979,-1.7701932,-0.59910315,-0.6870287,4.3995347,-0.9470354,-1.405794
127.86091084501095,265.46222222222224,-5,0.0,/content/drive/MyDrive/data/Normal/dysgraphia_1618_no.jpg,no,-1.2574196,2.3343093,-2.085808,-0.39959702,-0.7010169,6.3551254,-1.126802,-2.166769
311.2733283019313,479.0,5,225.2624459313015,/content/drive/MyDrive/data/Dysgraphia/dysgraphia_52_yes.jpg,yes,-2.9105542,12.842364,2.5230985,-1.6124928,-2.87438,-0.40454164,-0.9539768,16.098986
167.74667602742738,1104.5555555555557,-5,319.47192484646143,/content/drive/MyDrive/data/Dysgraphia/dysgraphia_58_yes.jpg,yes,-3.017258,12.8825,3.0557935,-1.6570395,-2.796939,-0.4285035,-0.9717373,16.31204
431.52525475956645,318,5,65.52153860831949,/content/drive/MyDrive/data/Dysgraphia/dysgraphia_15_yes.jpg,yes,-3.0729423,13.04451,2.9479573,-1.6506777,-2.7072358,-0.3278607,-0.9777665,16.411184
684.3011032048416,22,5,0.0,/content/drive/MyDrive/data/Dysgraphia/dysgraphia_53_yes.jpg,yes,-2.5706892,11.78213,1.7927096,-1.4692303,-2.5584178,-0.33104852,-0.79619384,14.532159
291.36379429161116,325.25,5,29.78682688747108,/content/drive/MyDrive/data/Dysgraphia/dysgraphia_28_yes.jpg,yes,-2.836492,12.379585,2.9610488,-1.5703942,-2.6956258,-0.43251234,-0.91250926,15.570055
556.8761648075656,105.0,5,0.0,/content/drive/MyDrive/data/Dysgraphia/dysgraphia_3_yes.jpg,yes,-1.2209797,3.149978,-2.0859916,-0.6080359,-0.81636477,5.4098396,-1.1555847,-1.8753724
361.39266214468716,331.04,5,0.0,/content/drive/MyDrive/data/Dysgraphia/dysgraphia_69_yes.jpg,yes,-1.0673267,3.2278974,-1.9535235,-0.512601,-0.71874577,4.9687195,-1.1025045,-1.6767963
232.49775981434414,618.6666666666666,5,0.0,/content/drive/MyDrive/data/Dysgraphia/dysgraphia_20_yes.jpg,yes,-2.9251256,12.627495,2.8626287,-1.5988522,-2.7337523,-0.39492494,-0.9307367,15.862537
286.1550336426385,397,5,96.95995608642251,/content/drive/MyDrive/data/Dysgraphia/dysgraphia_44_yes.jpg,yes,-2.7058501,12.367048,2.287745,-1.528969,-2.5754986,-0.36038095,-0.86315507,15.109094
1444.4622202319288,503.63265306122446,5,0.0,/content/drive/MyDrive/data/Dysgraphia/dysgraphia_25_yes.jpg,yes,-2.9468832,12.62374,2.9475632,-1.5929208,-2.8417463,-0.42568257,-0.8779773,16.156073
195.36113696316306,1855.888888888889,5,6.1699608333686475,/content/drive/MyDrive/data/Dysgraphia/dysgraphia_10_yes.jpg,yes,-2.2218187,8.858024,0.3386476,-0.968955,-1.6708392,-0.012528845,-0.3774654,7.9424324
260.522210742532,400,5,110.0622198130517,/content/drive/MyDrive/data/Dysgraphia/dysgraphia_27_yes.jpg,yes,-2.8356752,12.260965,2.8980515,-1.56148,-2.680659,-0.38959298,-0.89006513,15.529938
286.43334481889906,291,5,70.17911443139678,/content/drive/MyDrive/data/Dysgraphia/dysgraphia_17_yes.jpg,yes,-2.9756255,12.584564,3.098736,-1.6288661,-2.881013,-0.4447357,-0.89036566,16.274555
239.81518713603236,528.0,-5,35.48474002149408,/content/drive/MyDrive/data/Dysgraphia/dysgraphia_11_yes.jpg,yes,-2.2322993,9.747326,0.7723396,-1.1473897,-1.9677635,-0.1865276,-0.50241816,10.306254
27.031744657132776,22950.666666666668,-5,5.555688957225842,/content/drive/MyDrive/data/Dysgraphia/dysgraphia_55_yes.jpg,yes,-2.3585713,12.018186,1.5267911,-1.3960258,-2.2376995,-0.3666313,-0.7847424,13.5649395
226.24109843397719,592.6875,-5,100.1713799121735,/content/drive/MyDrive/data/Dysgraphia/dysgraphia_6_yes.jpg,yes,-2.2125793,9.241982,0.748052,-1.0940719,-1.7764615,-0.17427269,-0.4491928,8.981177
184.964461335235,571,-5,68.19315551401816,/content/drive/MyDrive/data/Dysgraphia/dysgraphia_59_yes.jpg,yes,-2.7470727,12.36204,2.6410148,-1.5512036,-2.5878482,-0.40824154,-0.88607216,15.210102
52.86892940791978,341.15999999999997,5,0.0,/content/drive/MyDrive/data/Dysgraphia/dysgraphia_2_yes.jpg,yes,-1.3267109,1.9571173,-2.1894848,-0.3336099,-0.77270734,6.5196486,-1.1922987,-2.409965
258.9370286986982,682,5,0.0,/content/drive/MyDrive/data/Dysgraphia/dysgraphia_51_yes.jpg,yes,-3.300415,13.926571,2.913158,-1.7784277,-2.8415148,-0.3415304,-1.1457102,17.402079
208.93402072140225,1572.0,-5,75.52162368122502,/content/drive/MyDrive/data/Dysgraphia/dysgraphia_97_yes.jpg,yes,-2.2683723,11.686028,1.5849023,-1.4194477,-2.2700355,-0.39952472,-0.71204424,13.324727
305.9192542540345,331,5,74.05533183474168,/content/drive/MyDrive/data/Dysgraphia/dysgraphia_21_yes.jpg,yes,-2.9142463,12.576656,2.905019,-1.5913386,-2.6438432,-0.3504463,-0.89108723,15.83705
2.382132794884953,899,-5,0.0,/content/drive/MyDrive/data/Dysgraphia/dysgraphia_88_yes.jpg,yes,-2.4667532,12.005072,2.1815996,-1.4637169,-2.2830184,-0.38277784,-0.8034325,14.156563
74.05288390839348,473.1388888888889,-5,0.0,/content/drive/MyDrive/data/Dysgraphia/dysgraphia_33_yes.jpg,yes,-1.0890175,4.540746,-1.4606404,-0.7031499,-0.6792225,2.99022,-0.7321385,-0.94482297
478.90332592236564,264.96,5,0.0,/content/drive/MyDrive/data/Dysgraphia/dysgraphia_29_yes.jpg,yes,-3.1956964,13.407585,3.2665586,-1.7233611,-2.9487453,-0.45867,-1.0315796,17.0436
1.1596320085185567,899,5,0.0,/content/drive/MyDrive/data/Dysgraphia/dysgraphia_90_yes.jpg,yes,-1.2872006,5.949498,-1.1396635,-0.7979843,-0.83123094,1.5038352,-0.49401075,-0.20846601
116.20223701796704,796.5555555555554,5,37.128325335961414,/content/drive/MyDrive/data/Dysgraphia/dysgraphia_50_yes.jpg,yes,-3.388754,14.0182,3.1302025,-1.7906007,-2.8311453,-0.3565938,-1.1596656,17.53858
1097.3756359369659,0,5,120.78803910203882,/content/drive/MyDrive/data/Dysgraphia/dysgraphia_57_yes.jpg,yes,-2.2796545,10.007058,1.0730572,-1.2095587,-2.0167334,-0.21213244,-0.5612843,11.033352
287.68699792196367,550.8888888888889,5,62.8584353687612,/content/drive/MyDrive/data/Dysgraphia/dysgraphia_60_yes.jpg,yes,-2.6305041,12.122659,2.3763235,-1.5059675,-2.6431699,-0.42701238,-0.8703677,14.868404
79.67077766453099,435.49,5,0.0,/content/drive/MyDrive/data/Dysgraphia/dysgraphia_95_yes.jpg,yes,-1.1794834,5.0681796,-1.3247615,-0.78016245,-0.7739863,2.2609706,-0.6431238,-0.6483054
3.7570638915408665,899,5,0.0,/content/drive/MyDrive/data/Dysgraphia/dysgraphia_83_yes.png,yes,-1.8895534,0.93442726,-2.2883508,-0.2745408,-0.9710214,7.899512,-1.4118143,-3.1750047
26.98389913110799,16480.4,5,0.0,/content/drive/MyDrive/data/Dysgraphia/dysgraphia_100_yes.jpg,yes,-1.1547184,5.2478085,-1.330821,-0.7606149,-0.7452493,2.147511,-0.6140249,-0.5963034
85.07407766773304,1217.16,5,0.0,/content/drive/MyDrive/data/Dysgraphia/dysgraphia_98_yes.jpg,yes,-3.1631794,13.234007,3.189255,-1.714079,-2.7848687,-0.42192906,-1.0461928,16.67813
39.241184501328064,899,-5,0.0,/content/drive/MyDrive/data/Dysgraphia/dysgraphia_82_yes.png,yes,-1.9446454,1.0956701,-2.3268414,-0.33398747,-1.003466,8.0957155,-1.4026761,-3.1447356
326.4252512718226,962.5555555555555,5,7.295420590930267,/content/drive/MyDrive/data/Dysgraphia/dysgraphia_8_yes.jpg,yes,-2.284462,9.58054,0.9542515,-1.1210579,-1.7820832,-0.20553608,-0.486635,9.431548
217.08132630896898,301,5,72.23829583673525,/content/drive/MyDrive/data/Dysgraphia/dysgraphia_16_yes.jpg,yes,-2.91078,12.635177,2.705344,-1.5886993,-2.7700622,-0.3623043,-0.9461705,15.919984
94.90458509385769,352.24,5,73.62140029619216,/content/drive/MyDrive/data/Dysgraphia/dysgraphia_48_yes.jpg,yes,-3.39228,13.95561,3.2964437,-1.7601346,-2.8452082,-0.38733125,-1.1635047,17.47481
620.1956711528087,99,5,134.9239298483325,/content/drive/MyDrive/data/Dysgraphia/dysgraphia_35_yes.jpg,yes,-2.980117,12.807992,2.6127918,-1.6151608,-2.8345275,-0.33887488,-0.9489799,16.237434
135.63533617686414,339.9166666666667,5,0.0,/content/drive/MyDrive/data/Dysgraphia/dysgraphia_94_yes.jpg,yes,-1.1878527,2.7179644,-2.0096562,-0.43384078,-0.7073088,5.7591867,-1.0756531,-1.8940336
286.6919427618334,229.0,5,0.0,/content/drive/MyDrive/data/Dysgraphia/dysgraphia_105_yes.jpg,yes,-1.259201,5.5667953,-1.3589586,-0.7060139,-0.64255446,2.594349,-0.6233879,-0.68182
459.5912569223042,315,5,51.925166280270695,/content/drive/MyDrive/data/Dysgraphia/dysgraphia_32_yes.jpg,yes,-2.8704715,12.477646,2.7729976,-1.5852553,-2.6756566,-0.38262716,-0.9145141,15.622206
74.93799224424288,538.6875,5,315.7316352303351,/content/drive/MyDrive/data/Dysgraphia/dysgraphia_47_yes.jpg,yes,-2.737499,12.322961,2.2926104,-1.5363889,-2.7030425,-0.36213663,-0.9104631,15.301826
336.14802221776426,306.1875,-5,104.56810021953272,/content/drive/MyDrive/data/Dysgraphia/dysgraphia_37_yes.jpg,yes,-2.265196,11.466463,1.4158809,-1.3875871,-2.2602096,-0.28928778,-0.68119144,13.3286295
82.41693686672147,293.0,5,0.0,/content/drive/MyDrive/data/Dysgraphia/dysgraphia_67_yes.jpg,yes,-1.3879232,6.8932643,-0.8712282,-0.8622839,-0.91446567,0.4669819,-0.41119078,1.2528926
309.23961238406537,371,-5,161.8761223374469,/content/drive/MyDrive/data/Dysgraphia/dysgraphia_24_yes.jpg,yes,-2.885734,12.542906,2.8251135,-1.5837252,-2.6244314,-0.34865516,-0.89868397,15.706099
0.15997473937661733,899,-5,0.0,/content/drive/MyDrive/data/Dysgraphia/dysgraphia_89_yes.jpg,yes,-1.5080415,6.916276,-0.87565887,-0.81776005,-0.9328398,0.8553993,-0.37631533,1.303336
0.1974027023197351,899,-5,0.0,/content/drive/MyDrive/data/Dysgraphia/dysgraphia_78_yes.jpeg,yes,-1.23965,6.012523,-1.1810123,-0.73239684,-0.7087352,1.7242353,-0.4914032,-0.30937487
418.5325006359392,510,-5,40.22010810439645,/content/drive/MyDrive/data/Dysgraphia/dysgraphia_96_yes.jpg,yes,-3.0352695,12.937695,2.955323,-1.6504277,-2.6674318,-0.35491928,-0.9576232,16.225088
295.13127438426227,198.25,-5,0.0,/content/drive/MyDrive/data/Dysgraphia/dysgraphia_1_yes.png,yes,-1.4081367,1.8521024,-2.1701066,-0.32312846,-0.7702733,6.7524095,-1.186714,-2.4886858
44.53487999971799,8554.805555555557,5,0.0,/content/drive/MyDrive/data/Dysgraphia/dysgraphia_108_yes.png,yes,-1.4043407,3.0555136,-2.1594956,-0.44174722,-0.5624685,7.1533794,-1.199618,-2.3334332
87.62165989827554,909.4097222222223,5,0.0,/content/drive/MyDrive/data/Dysgraphia/dysgraphia_104_yes.png,yes,-1.4247941,1.6465884,-2.1660287,-0.3141088,-0.79893017,6.7842,-1.2153723,-2.5399966
127.6484604383495,323.0888888888889,5,0.0,/content/drive/MyDrive/data/Dysgraphia/dysgraphia_103_yes.png,yes,-1.5520493,1.3779793,-2.193664,-0.3409128,-0.8765214,6.9458823,-1.2734975,-2.698373
343.40439845308083,481,-5,606.282331266107,/content/drive/MyDrive/data/Dysgraphia/dysgraphia_61_yes.jpg,yes,-2.4346511,11.717108,1.7246847,-1.4619724,-2.5194204,-0.41547027,-0.85340196,13.897076
910.0525471593824,192,-5,915.0025013806348,/content/drive/MyDrive/data/Dysgraphia/dysgraphia_39_yes.jpg,yes,-2.7953072,12.114253,2.738217,-1.5237911,-2.4949493,-0.32153732,-0.84784657,15.275809
101.35995220920381,287.04,-5,74.60536093194312,/content/drive/MyDrive/data/Dysgraphia/dysgraphia_49_yes.jpg,yes,-3.2817159,13.5683775,3.2249055,-1.7283858,-2.8121405,-0.37171423,-1.0706075,17.15427
221.43642760291254,292.0,5,0.0,/content/drive/MyDrive/data/Dysgraphia/dysgraphia_109_yes.jpg,yes,-1.8426101,8.081351,-0.32794082,-0.8706892,-1.2291663,0.14266805,-0.36677212,4.899665
28.85588363381811,577.9591836734694,5,0.0,/content/drive/MyDrive/data/Dysgraphia/dysgraphia_68_yes.jpg,yes,-3.0698707,13.005901,2.9330885,-1.6695322,-2.7243068,-0.37060857,-0.9653438,16.427198
1.394969180937352,899,5,0.0,/content/drive/MyDrive/data/Dysgraphia/dysgraphia_111_yes.jpg,yes,-2.8499348,11.894641,3.3330767,-1.512333,-2.7538526,-0.4382389,-0.8462973,15.585253
130.46580593811882,370,-5,21.96049839756219,/content/drive/MyDrive/data/Dysgraphia/dysgraphia_36_yes.jpg,yes,-2.9657426,12.761589,3.0694387,-1.6069394,-2.694088,-0.39413643,-0.93623644,16.051504
466.10180331990523,339.6666666666667,-5,73.59438055603806,/content/drive/MyDrive/data/Dysgraphia/dysgraphia_9_yes.jpg,yes,-2.2392855,10.254533,1.4854414,-1.3023373,-2.16524,-0.3181115,-0.59298265,11.836123
110.9893123719246,478.60330578512395,5,0.0,/content/drive/MyDrive/data/Dysgraphia/dysgraphia_112_yes.jpg,yes,-2.8181555,12.469559,2.5868165,-1.5480775,-2.587597,-0.38385063,-0.90186054,15.382551
679.9488281246477,0,5,31.978644469058054,/content/drive/MyDrive/data/Dysgraphia/dysgraphia_54_yes.jpg,yes,-2.3932765,11.209805,2.316333,-1.4046038,-2.4581676,-0.3969177,-0.7104877,13.809082
1007.9426803895035,272.0,5,0.0,/content/drive/MyDrive/data/Dysgraphia/dysgraphia_34_yes.jpg,yes,-3.111572,13.294247,2.8873088,-1.743091,-2.7324805,-0.34238952,-0.9883939,16.786339
842.6386844363906,67.0,5,0.0,/content/drive/MyDrive/data/Dysgraphia/dysgraphia_102_yes.jpg,yes,-1.5396218,1.7780004,-2.3056967,-0.25343275,-0.76142573,7.555714,-1.3093963,-2.7594986
191.12091482635105,457,5,41.223492649092705,/content/drive/MyDrive/data/Dysgraphia/dysgraphia_23_yes.jpg,yes,-3.0664074,12.96955,3.1296322,-1.662869,-2.8275318,-0.38891056,-0.9789255,16.519703
1516.9591202762513,300,5,10.94030475466412,/content/drive/MyDrive/data/Dysgraphia/dysgraphia_45_yes.jpg,yes,-2.6175737,12.151591,2.2357624,-1.4759198,-2.2649708,-0.2912871,-0.78060156,14.53989
27.869246471274266,504.8888888888889,5,0.0,/content/drive/MyDrive/data/Dysgraphia/dysgraphia_92_yes.jpg,yes,-1.388742,7.5596204,-0.8709738,-0.79128486,-0.8048381,0.61000884,-0.4417302,1.8115305
389.77129904985986,258.25,5,466.7260956471897,/content/drive/MyDrive/data/Dysgraphia/dysgraphia_99_yes.jpg,yes,-2.3420217,11.006521,1.7956798,-1.259038,-2.1491473,-0.32909578,-0.5990409,12.323979
26.431062172953887,2749.1388888888887,-5,0.0,/content/drive/MyDrive/data/Dysgraphia/dysgraphia_80_yes.jpg,yes,-1.6395122,1.6057323,-2.2927935,-0.46137944,-0.93759125,7.233386,-1.3686657,-2.801874
1038.0002451557493,0,-5,53.555101494822246,/content/drive/MyDrive/data/Dysgraphia/dysgraphia_40_yes.jpg,yes,-2.69451,11.721726,2.2416494,-1.4633788,-2.3336892,-0.25898555,-0.7891961,14.54975
346.63637289948383,399.44,-5,117.50089451467326,/content/drive/MyDrive/data/Dysgraphia/dysgraphia_22_yes.jpg,yes,-2.924201,12.601568,3.1243436,-1.5797913,-2.6815114,-0.42474294,-0.94933724,15.82114
114.73989195171407,402.04,-5,0.0,/content/drive/MyDrive/data/Dysgraphia/dysgraphia_64_yes.jpg,yes,-1.0514803,3.9259846,-1.7273037,-0.6247367,-0.6606877,4.0583305,-0.9079338,-1.3358594
3100.5396189686917,0,-5,216.49402641131203,/content/drive/MyDrive/data/Dysgraphia/dysgraphia_76_yes.jpg,yes,-2.5139956,11.666297,2.111652,-1.2858384,-2.2575307,-0.3661992,-0.779989,13.589384
504.5166591037123,585.25,-5,0.0,/content/drive/MyDrive/data/Dysgraphia/dysgraphia_43_yes.jpg,yes,-1.1781492,2.7867534,-2.0036838,-0.43334094,-0.681388,5.811024,-1.0996773,-1.91644
25.775295767820438,120,5,0.0,/content/drive/MyDrive/data/Dysgraphia/dysgraphia_87_yes.jpg,yes,-1.0423857,3.484937,-1.8210996,-0.5333221,-0.6785265,4.5611997,-0.9758392,-1.4803108
673.0200299956896,186.22222222222223,5,0.0,/content/drive/MyDrive/data/Dysgraphia/dysgraphia_77_yes.jpg,yes,-2.0236094,0.8645188,-2.3832178,-0.25764045,-1.0420172,8.11667,-1.5281998,-3.394619
736.5416382539365,577.25,5,0.0,/content/drive/MyDrive/data/Dysgraphia/dysgraphia_101_yes.jpg,yes,-2.5885932,11.532576,2.4174535,-1.4006219,-2.6412306,-0.3519289,-0.77769446,14.665553
621.7420357547323,509,-5,138.3480533787963,/content/drive/MyDrive/data/Dysgraphia/dysgraphia_56_yes.jpg,yes,-2.4951916,10.771198,1.439013,-1.356705,-2.246196,-0.25102544,-0.66941285,12.738697
150.43117562514294,770.0612244897959,5,29.056248872659744,/content/drive/MyDrive/data/Dysgraphia/dysgraphia_13_yes.jpg,yes,-2.415092,10.963197,1.5299242,-1.297921,-2.2625718,-0.2204843,-0.61799383,12.888669
40.71997170692873,1913.6666666666667,5,0.0,/content/drive/MyDrive/data/Dysgraphia/dysgraphia_91_yes.png,yes,-1.0881844,3.973536,-1.8338944,-0.63481283,-0.6947061,4.3096385,-1.0376292,-1.4177179
306.64915616526696,286.0,5,0.0,/content/drive/MyDrive/data/Dysgraphia/dysgraphia_106_yes.png,yes,-1.0370861,4.0122685,-1.7244813,-0.64778376,-0.67894244,3.8569164,-0.935489,-1.3107846
124.99218668567755,1942.6666666666667,5,0.0,/content/drive/MyDrive/data/Dysgraphia/dysgraphia_110_yes.jpg,yes,-1.4099538,6.331227,-0.98949283,-0.8401086,-0.9380956,1.0717719,-0.3946369,0.3290578
225.5630882048481,656.8888888888889,5,112.37991256442609,/content/drive/MyDrive/data/Dysgraphia/dysgraphia_7_yes.jpg,yes,-2.0337124,7.9933567,-0.21293963,-0.993262,-1.4202114,-0.029944152,-0.38393024,5.4788704
653.1218503944137,352,5,1050.280210841229,/content/drive/MyDrive/data/Dysgraphia/dysgraphia_38_yes.jpg,yes,-2.4467075,10.092922,1.3925517,-1.2032332,-1.869244,-0.13453808,-0.549026,11.1218195
15.552479686986487,899,-5,0.0,/content/drive/MyDrive/data/Dysgraphia/dysgraphia_2474_yes.jpg,yes,-1.2233952,2.3615518,-2.1028817,-0.41460687,-0.7560642,6.057155,-1.1473846,-2.1082692
12.127197062418759,2054.25,-5,0.0,/content/drive/MyDrive/data/Dysgraphia/dysgraphia_2904_yes.jpg,yes,-1.048098,3.6451318,-1.9222882,-0.46798638,-0.62447965,4.929821,-1.0108593,-1.5781748
45.58332987673219,899,5,0.0,/content/drive/MyDrive/data/Dysgraphia/dysgraphia_2922_yes.jpg,yes,-1.1239284,3.1781425,-1.9240263,-0.49491394,-0.69867754,5.2552795,-1.0379546,-1.670883
17.10337321243685,898,-5,0.0,/content/drive/MyDrive/data/Dysgraphia/dysgraphia_2915_yes.jpg,yes,-1.0559896,4.6753187,-1.6629591,-0.587626,-0.536148,3.78275,-0.80178225,-1.1783152
3401.229679918274,79.0,-5,0.0,/content/drive/MyDrive/data/Dysgraphia/dysgraphia_62_yes.jpg,yes,-3.0991194,13.142697,2.9549158,-1.6936178,-2.631751,-0.35554585,-1.0024356,16.418667
327.5373936743431,354,5,135.30594638001205,/content/drive/MyDrive/data/Dysgraphia/dysgraphia_70_yes.jpg,yes,-2.961101,12.57225,3.1106155,-1.6353484,-2.7850127,-0.42157328,-0.9108183,16.117376
26.21841253860032,172.0,5,0.0,/content/drive/MyDrive/data/Dysgraphia/dysgraphia_2461_yes.jpg,yes,-1.1669959,2.7219982,-2.0228646,-0.41833755,-0.6855923,5.807848,-1.1024663,-1.9461955
219.16585052780988,103.0,5,0.0,/content/drive/MyDrive/data/Dysgraphia/dysgraphia_5_yes.jpg,yes,-1.6851541,7.8307567,-0.79167,-0.84149635,-0.97851104,0.58553916,-0.38856885,2.370757
569.1824962977116,434.1875,5,58.7829602608734,/content/drive/MyDrive/data/Dysgraphia/dysgraphia_12_yes.jpg,yes,-2.2992477,9.742633,0.7281508,-1.0543445,-1.8317361,-0.051897317,-0.47246775,10.103906
301.02215623724305,498.0,5,10.553481126418648,/content/drive/MyDrive/data/Dysgraphia/dysgraphia_26_yes.jpg,yes,-2.9294968,12.569141,2.9727545,-1.6092287,-2.745992,-0.41352594,-0.9244156,15.976926
308.4002088193515,210.0,5,23.48215119430219,/content/drive/MyDrive/data/Dysgraphia/dysgraphia_31_yes.jpg,yes,-2.4705157,11.562148,2.1900103,-1.4622643,-2.3493834,-0.38287473,-0.76494676,14.053461
549.3119202724438,160,5,97.44647359001529,/content/drive/MyDrive/data/Dysgraphia/dysgraphia_79_yes.jpg,yes,-2.5047336,11.576081,1.9958928,-1.4110554,-2.212195,-0.28521204,-0.6954041,13.706995
12.188425159676854,32473.760000000002,5,0.0,/content/drive/MyDrive/data/Dysgraphia/dysgraphia_81_yes.jpg,yes,-2.2103932,9.209371,0.7078916,-0.96625304,-1.4761181,-0.12808484,-0.404649,7.8303266
0.08625375271603986,899,5,0.0,/content/drive/MyDrive/data/Dysgraphia/dysgraphia_84_yes.jpg,yes,-2.233008,10.1074505,1.7665515,-1.1665847,-2.060947,-0.28956303,-0.5244536,11.425462
135.67192360076209,0,-5,329.41576766264564,/content/drive/MyDrive/data/Dysgraphia/dysgraphia_93_yes.jpg,yes,-2.659174,12.040603,2.3973477,-1.5430557,-2.5526388,-0.426635,-0.81788194,14.874842
